{"cameraMode":{"drawMode":0,"name":"Shaded","section":"Shading Mode"},"sceneLighting":true,"audioPlay":false,"sceneViewState":{"m_AlwaysRefresh":false,"showFog":true,"showSkybox":true,"showFlares":true,"showImageEffects":true,"showParticleSystems":true,"showVisualEffectGraphs":true,"m_FxEnabled":true},"in2DMode":false,"pivot":{"x":489.68719482421877,"y":-6.270833969116211,"z":184.93795776367188},"rotation":{"x":0.13326217234134675,"y":-0.173366516828537,"z":0.030270062386989595,"w":0.9753342866897583},"size":26.324764251708986,"orthographic":false}