{"cameraMode":{"drawMode":0,"name":"Shaded","section":"Shading Mode"},"sceneLighting":false,"audioPlay":false,"sceneViewState":{"m_AlwaysRefresh":false,"showFog":true,"showSkybox":false,"showFlares":true,"showImageEffects":true,"showParticleSystems":true,"showVisualEffectGraphs":true,"m_FxEnabled":true},"in2DMode":false,"pivot":{"x":407.2962341308594,"y":-6.020532131195068,"z":38.680870056152347},"rotation":{"x":0.024124640971422197,"y":-0.9753518104553223,"z":0.13844884932041169,"w":0.17023809254169465},"size":2.9686427116394045,"orthographic":false}